--
-- PostgreSQL database dump
--

-- Dumped from database version 17.4 (Debian 17.4-1.pgdg120+2)
-- Dumped by pg_dump version 17.4 (Debian 17.4-1.pgdg120+2)

SET statement_timeout = 0;
SET lock_timeout = 0;
SET idle_in_transaction_session_timeout = 0;
SET transaction_timeout = 0;
SET client_encoding = 'UTF8';
SET standard_conforming_strings = on;
SELECT pg_catalog.set_config('search_path', '', false);
SET check_function_bodies = false;
SET xmloption = content;
SET client_min_messages = warning;
SET row_security = off;

SET default_tablespace = '';

SET default_table_access_method = heap;

--
-- Name: auth_group; Type: TABLE; Schema: public; Owner: postgres
--

CREATE TABLE public.auth_group (
    id integer NOT NULL,
    name character varying(150) NOT NULL
);


ALTER TABLE public.auth_group OWNER TO postgres;

--
-- Name: auth_group_id_seq; Type: SEQUENCE; Schema: public; Owner: postgres
--

ALTER TABLE public.auth_group ALTER COLUMN id ADD GENERATED BY DEFAULT AS IDENTITY (
    SEQUENCE NAME public.auth_group_id_seq
    START WITH 1
    INCREMENT BY 1
    NO MINVALUE
    NO MAXVALUE
    CACHE 1
);


--
-- Name: auth_group_permissions; Type: TABLE; Schema: public; Owner: postgres
--

CREATE TABLE public.auth_group_permissions (
    id bigint NOT NULL,
    group_id integer NOT NULL,
    permission_id integer NOT NULL
);


ALTER TABLE public.auth_group_permissions OWNER TO postgres;

--
-- Name: auth_group_permissions_id_seq; Type: SEQUENCE; Schema: public; Owner: postgres
--

ALTER TABLE public.auth_group_permissions ALTER COLUMN id ADD GENERATED BY DEFAULT AS IDENTITY (
    SEQUENCE NAME public.auth_group_permissions_id_seq
    START WITH 1
    INCREMENT BY 1
    NO MINVALUE
    NO MAXVALUE
    CACHE 1
);


--
-- Name: auth_permission; Type: TABLE; Schema: public; Owner: postgres
--

CREATE TABLE public.auth_permission (
    id integer NOT NULL,
    name character varying(255) NOT NULL,
    content_type_id integer NOT NULL,
    codename character varying(100) NOT NULL
);


ALTER TABLE public.auth_permission OWNER TO postgres;

--
-- Name: auth_permission_id_seq; Type: SEQUENCE; Schema: public; Owner: postgres
--

ALTER TABLE public.auth_permission ALTER COLUMN id ADD GENERATED BY DEFAULT AS IDENTITY (
    SEQUENCE NAME public.auth_permission_id_seq
    START WITH 1
    INCREMENT BY 1
    NO MINVALUE
    NO MAXVALUE
    CACHE 1
);


--
-- Name: auth_user; Type: TABLE; Schema: public; Owner: postgres
--

CREATE TABLE public.auth_user (
    id integer NOT NULL,
    password character varying(128) NOT NULL,
    last_login timestamp with time zone,
    is_superuser boolean NOT NULL,
    username character varying(150) NOT NULL,
    first_name character varying(150) NOT NULL,
    last_name character varying(150) NOT NULL,
    email character varying(254) NOT NULL,
    is_staff boolean NOT NULL,
    is_active boolean NOT NULL,
    date_joined timestamp with time zone NOT NULL
);


ALTER TABLE public.auth_user OWNER TO postgres;

--
-- Name: auth_user_groups; Type: TABLE; Schema: public; Owner: postgres
--

CREATE TABLE public.auth_user_groups (
    id bigint NOT NULL,
    user_id integer NOT NULL,
    group_id integer NOT NULL
);


ALTER TABLE public.auth_user_groups OWNER TO postgres;

--
-- Name: auth_user_groups_id_seq; Type: SEQUENCE; Schema: public; Owner: postgres
--

ALTER TABLE public.auth_user_groups ALTER COLUMN id ADD GENERATED BY DEFAULT AS IDENTITY (
    SEQUENCE NAME public.auth_user_groups_id_seq
    START WITH 1
    INCREMENT BY 1
    NO MINVALUE
    NO MAXVALUE
    CACHE 1
);


--
-- Name: auth_user_id_seq; Type: SEQUENCE; Schema: public; Owner: postgres
--

ALTER TABLE public.auth_user ALTER COLUMN id ADD GENERATED BY DEFAULT AS IDENTITY (
    SEQUENCE NAME public.auth_user_id_seq
    START WITH 1
    INCREMENT BY 1
    NO MINVALUE
    NO MAXVALUE
    CACHE 1
);


--
-- Name: auth_user_user_permissions; Type: TABLE; Schema: public; Owner: postgres
--

CREATE TABLE public.auth_user_user_permissions (
    id bigint NOT NULL,
    user_id integer NOT NULL,
    permission_id integer NOT NULL
);


ALTER TABLE public.auth_user_user_permissions OWNER TO postgres;

--
-- Name: auth_user_user_permissions_id_seq; Type: SEQUENCE; Schema: public; Owner: postgres
--

ALTER TABLE public.auth_user_user_permissions ALTER COLUMN id ADD GENERATED BY DEFAULT AS IDENTITY (
    SEQUENCE NAME public.auth_user_user_permissions_id_seq
    START WITH 1
    INCREMENT BY 1
    NO MINVALUE
    NO MAXVALUE
    CACHE 1
);


--
-- Name: chat_askmodel; Type: TABLE; Schema: public; Owner: postgres
--

CREATE TABLE public.chat_askmodel (
    id bigint NOT NULL,
    asker_id integer NOT NULL,
    asked_id integer NOT NULL
);


ALTER TABLE public.chat_askmodel OWNER TO postgres;

--
-- Name: chat_askmodel_id_seq; Type: SEQUENCE; Schema: public; Owner: postgres
--

ALTER TABLE public.chat_askmodel ALTER COLUMN id ADD GENERATED BY DEFAULT AS IDENTITY (
    SEQUENCE NAME public.chat_askmodel_id_seq
    START WITH 1
    INCREMENT BY 1
    NO MINVALUE
    NO MAXVALUE
    CACHE 1
);


--
-- Name: chat_chatchannelmodel; Type: TABLE; Schema: public; Owner: postgres
--

CREATE TABLE public.chat_chatchannelmodel (
    id bigint NOT NULL
);


ALTER TABLE public.chat_chatchannelmodel OWNER TO postgres;

--
-- Name: chat_chatchannelmodel_id_seq; Type: SEQUENCE; Schema: public; Owner: postgres
--

ALTER TABLE public.chat_chatchannelmodel ALTER COLUMN id ADD GENERATED BY DEFAULT AS IDENTITY (
    SEQUENCE NAME public.chat_chatchannelmodel_id_seq
    START WITH 1
    INCREMENT BY 1
    NO MINVALUE
    NO MAXVALUE
    CACHE 1
);


--
-- Name: chat_chatmembermodel; Type: TABLE; Schema: public; Owner: postgres
--

CREATE TABLE public.chat_chatmembermodel (
    id bigint NOT NULL,
    channel_id bigint NOT NULL,
    member_id integer NOT NULL
);


ALTER TABLE public.chat_chatmembermodel OWNER TO postgres;

--
-- Name: chat_chatmembermodel_id_seq; Type: SEQUENCE; Schema: public; Owner: postgres
--

ALTER TABLE public.chat_chatmembermodel ALTER COLUMN id ADD GENERATED BY DEFAULT AS IDENTITY (
    SEQUENCE NAME public.chat_chatmembermodel_id_seq
    START WITH 1
    INCREMENT BY 1
    NO MINVALUE
    NO MAXVALUE
    CACHE 1
);


--
-- Name: chat_chatmessagemodel; Type: TABLE; Schema: public; Owner: postgres
--

CREATE TABLE public.chat_chatmessagemodel (
    id bigint NOT NULL,
    content character varying(1024) NOT NULL,
    "time" bigint NOT NULL,
    author_id integer NOT NULL,
    channel_id bigint NOT NULL
);


ALTER TABLE public.chat_chatmessagemodel OWNER TO postgres;

--
-- Name: chat_chatmessagemodel_id_seq; Type: SEQUENCE; Schema: public; Owner: postgres
--

ALTER TABLE public.chat_chatmessagemodel ALTER COLUMN id ADD GENERATED BY DEFAULT AS IDENTITY (
    SEQUENCE NAME public.chat_chatmessagemodel_id_seq
    START WITH 1
    INCREMENT BY 1
    NO MINVALUE
    NO MAXVALUE
    CACHE 1
);


--
-- Name: django_admin_log; Type: TABLE; Schema: public; Owner: postgres
--

CREATE TABLE public.django_admin_log (
    id integer NOT NULL,
    action_time timestamp with time zone NOT NULL,
    object_id text,
    object_repr character varying(200) NOT NULL,
    action_flag smallint NOT NULL,
    change_message text NOT NULL,
    content_type_id integer,
    user_id integer NOT NULL,
    CONSTRAINT django_admin_log_action_flag_check CHECK ((action_flag >= 0))
);


ALTER TABLE public.django_admin_log OWNER TO postgres;

--
-- Name: django_admin_log_id_seq; Type: SEQUENCE; Schema: public; Owner: postgres
--

ALTER TABLE public.django_admin_log ALTER COLUMN id ADD GENERATED BY DEFAULT AS IDENTITY (
    SEQUENCE NAME public.django_admin_log_id_seq
    START WITH 1
    INCREMENT BY 1
    NO MINVALUE
    NO MAXVALUE
    CACHE 1
);


--
-- Name: django_content_type; Type: TABLE; Schema: public; Owner: postgres
--

CREATE TABLE public.django_content_type (
    id integer NOT NULL,
    app_label character varying(100) NOT NULL,
    model character varying(100) NOT NULL
);


ALTER TABLE public.django_content_type OWNER TO postgres;

--
-- Name: django_content_type_id_seq; Type: SEQUENCE; Schema: public; Owner: postgres
--

ALTER TABLE public.django_content_type ALTER COLUMN id ADD GENERATED BY DEFAULT AS IDENTITY (
    SEQUENCE NAME public.django_content_type_id_seq
    START WITH 1
    INCREMENT BY 1
    NO MINVALUE
    NO MAXVALUE
    CACHE 1
);


--
-- Name: django_migrations; Type: TABLE; Schema: public; Owner: postgres
--

CREATE TABLE public.django_migrations (
    id bigint NOT NULL,
    app character varying(255) NOT NULL,
    name character varying(255) NOT NULL,
    applied timestamp with time zone NOT NULL
);


ALTER TABLE public.django_migrations OWNER TO postgres;

--
-- Name: django_migrations_id_seq; Type: SEQUENCE; Schema: public; Owner: postgres
--

ALTER TABLE public.django_migrations ALTER COLUMN id ADD GENERATED BY DEFAULT AS IDENTITY (
    SEQUENCE NAME public.django_migrations_id_seq
    START WITH 1
    INCREMENT BY 1
    NO MINVALUE
    NO MAXVALUE
    CACHE 1
);


--
-- Name: django_session; Type: TABLE; Schema: public; Owner: postgres
--

CREATE TABLE public.django_session (
    session_key character varying(40) NOT NULL,
    session_data text NOT NULL,
    expire_date timestamp with time zone NOT NULL
);


ALTER TABLE public.django_session OWNER TO postgres;

--
-- Name: games_gamegoalmodel; Type: TABLE; Schema: public; Owner: postgres
--

CREATE TABLE public.games_gamegoalmodel (
    id bigint NOT NULL,
    "timestamp" integer NOT NULL,
    game_id bigint NOT NULL,
    player_id integer NOT NULL
);


ALTER TABLE public.games_gamegoalmodel OWNER TO postgres;

--
-- Name: games_gamegoalmodel_id_seq; Type: SEQUENCE; Schema: public; Owner: postgres
--

ALTER TABLE public.games_gamegoalmodel ALTER COLUMN id ADD GENERATED BY DEFAULT AS IDENTITY (
    SEQUENCE NAME public.games_gamegoalmodel_id_seq
    START WITH 1
    INCREMENT BY 1
    NO MINVALUE
    NO MAXVALUE
    CACHE 1
);


--
-- Name: games_gamemembersmodel; Type: TABLE; Schema: public; Owner: postgres
--

CREATE TABLE public.games_gamemembersmodel (
    id bigint NOT NULL,
    game_id bigint NOT NULL,
    player_id integer NOT NULL
);


ALTER TABLE public.games_gamemembersmodel OWNER TO postgres;

--
-- Name: games_gamemembersmodel_id_seq; Type: SEQUENCE; Schema: public; Owner: postgres
--

ALTER TABLE public.games_gamemembersmodel ALTER COLUMN id ADD GENERATED BY DEFAULT AS IDENTITY (
    SEQUENCE NAME public.games_gamemembersmodel_id_seq
    START WITH 1
    INCREMENT BY 1
    NO MINVALUE
    NO MAXVALUE
    CACHE 1
);


--
-- Name: games_gamemodel; Type: TABLE; Schema: public; Owner: postgres
--

CREATE TABLE public.games_gamemodel (
    id bigint NOT NULL,
    finished boolean NOT NULL,
    started boolean NOT NULL,
    start_timestamp bigint,
    stop_timestamp bigint,
    game_type character varying(60) NOT NULL,
    winner_id integer
);


ALTER TABLE public.games_gamemodel OWNER TO postgres;

--
-- Name: games_gamemodel_id_seq; Type: SEQUENCE; Schema: public; Owner: postgres
--

ALTER TABLE public.games_gamemodel ALTER COLUMN id ADD GENERATED BY DEFAULT AS IDENTITY (
    SEQUENCE NAME public.games_gamemodel_id_seq
    START WITH 1
    INCREMENT BY 1
    NO MINVALUE
    NO MAXVALUE
    CACHE 1
);


--
-- Name: notice_noticemodel; Type: TABLE; Schema: public; Owner: postgres
--

CREATE TABLE public.notice_noticemodel (
    id bigint NOT NULL,
    data character varying(1024) NOT NULL,
    user_id integer NOT NULL
);


ALTER TABLE public.notice_noticemodel OWNER TO postgres;

--
-- Name: notice_noticemodel_id_seq; Type: SEQUENCE; Schema: public; Owner: postgres
--

ALTER TABLE public.notice_noticemodel ALTER COLUMN id ADD GENERATED BY DEFAULT AS IDENTITY (
    SEQUENCE NAME public.notice_noticemodel_id_seq
    START WITH 1
    INCREMENT BY 1
    NO MINVALUE
    NO MAXVALUE
    CACHE 1
);


--
-- Name: profiles_blockmodel; Type: TABLE; Schema: public; Owner: postgres
--

CREATE TABLE public.profiles_blockmodel (
    id bigint NOT NULL,
    blocked_id bigint NOT NULL,
    blocker_id bigint NOT NULL
);


ALTER TABLE public.profiles_blockmodel OWNER TO postgres;

--
-- Name: profiles_blockmodel_id_seq; Type: SEQUENCE; Schema: public; Owner: postgres
--

ALTER TABLE public.profiles_blockmodel ALTER COLUMN id ADD GENERATED BY DEFAULT AS IDENTITY (
    SEQUENCE NAME public.profiles_blockmodel_id_seq
    START WITH 1
    INCREMENT BY 1
    NO MINVALUE
    NO MAXVALUE
    CACHE 1
);


--
-- Name: profiles_friendmodel; Type: TABLE; Schema: public; Owner: postgres
--

CREATE TABLE public.profiles_friendmodel (
    id bigint NOT NULL,
    friend1_id bigint NOT NULL,
    friend2_id bigint NOT NULL
);


ALTER TABLE public.profiles_friendmodel OWNER TO postgres;

--
-- Name: profiles_friendmodel_id_seq; Type: SEQUENCE; Schema: public; Owner: postgres
--

ALTER TABLE public.profiles_friendmodel ALTER COLUMN id ADD GENERATED BY DEFAULT AS IDENTITY (
    SEQUENCE NAME public.profiles_friendmodel_id_seq
    START WITH 1
    INCREMENT BY 1
    NO MINVALUE
    NO MAXVALUE
    CACHE 1
);


--
-- Name: profiles_friendrequestmodel; Type: TABLE; Schema: public; Owner: postgres
--

CREATE TABLE public.profiles_friendrequestmodel (
    id bigint NOT NULL,
    author_id bigint NOT NULL,
    target_id bigint NOT NULL
);


ALTER TABLE public.profiles_friendrequestmodel OWNER TO postgres;

--
-- Name: profiles_friendrequestmodel_id_seq; Type: SEQUENCE; Schema: public; Owner: postgres
--

ALTER TABLE public.profiles_friendrequestmodel ALTER COLUMN id ADD GENERATED BY DEFAULT AS IDENTITY (
    SEQUENCE NAME public.profiles_friendrequestmodel_id_seq
    START WITH 1
    INCREMENT BY 1
    NO MINVALUE
    NO MAXVALUE
    CACHE 1
);


--
-- Name: profiles_profilemodel; Type: TABLE; Schema: public; Owner: postgres
--

CREATE TABLE public.profiles_profilemodel (
    id bigint NOT NULL,
    avatar character varying(100) NOT NULL,
    user_id integer NOT NULL
);


ALTER TABLE public.profiles_profilemodel OWNER TO postgres;

--
-- Name: profiles_profilemodel_id_seq; Type: SEQUENCE; Schema: public; Owner: postgres
--

ALTER TABLE public.profiles_profilemodel ALTER COLUMN id ADD GENERATED BY DEFAULT AS IDENTITY (
    SEQUENCE NAME public.profiles_profilemodel_id_seq
    START WITH 1
    INCREMENT BY 1
    NO MINVALUE
    NO MAXVALUE
    CACHE 1
);


--
-- Data for Name: auth_group; Type: TABLE DATA; Schema: public; Owner: postgres
--

COPY public.auth_group (id, name) FROM stdin;
\.


--
-- Data for Name: auth_group_permissions; Type: TABLE DATA; Schema: public; Owner: postgres
--

COPY public.auth_group_permissions (id, group_id, permission_id) FROM stdin;
\.


--
-- Data for Name: auth_permission; Type: TABLE DATA; Schema: public; Owner: postgres
--

COPY public.auth_permission (id, name, content_type_id, codename) FROM stdin;
1	Can add game model	1	add_gamemodel
2	Can change game model	1	change_gamemodel
3	Can delete game model	1	delete_gamemodel
4	Can view game model	1	view_gamemodel
5	Can add game members model	2	add_gamemembersmodel
6	Can change game members model	2	change_gamemembersmodel
7	Can delete game members model	2	delete_gamemembersmodel
8	Can view game members model	2	view_gamemembersmodel
9	Can add game goal model	3	add_gamegoalmodel
10	Can change game goal model	3	change_gamegoalmodel
11	Can delete game goal model	3	delete_gamegoalmodel
12	Can view game goal model	3	view_gamegoalmodel
13	Can add profile model	4	add_profilemodel
14	Can change profile model	4	change_profilemodel
15	Can delete profile model	4	delete_profilemodel
16	Can view profile model	4	view_profilemodel
17	Can add friend request model	5	add_friendrequestmodel
18	Can change friend request model	5	change_friendrequestmodel
19	Can delete friend request model	5	delete_friendrequestmodel
20	Can view friend request model	5	view_friendrequestmodel
21	Can add friend model	6	add_friendmodel
22	Can change friend model	6	change_friendmodel
23	Can delete friend model	6	delete_friendmodel
24	Can view friend model	6	view_friendmodel
25	Can add block model	7	add_blockmodel
26	Can change block model	7	change_blockmodel
27	Can delete block model	7	delete_blockmodel
28	Can view block model	7	view_blockmodel
29	Can add ask model	8	add_askmodel
30	Can change ask model	8	change_askmodel
31	Can delete ask model	8	delete_askmodel
32	Can view ask model	8	view_askmodel
33	Can add chat channel model	9	add_chatchannelmodel
34	Can change chat channel model	9	change_chatchannelmodel
35	Can delete chat channel model	9	delete_chatchannelmodel
36	Can view chat channel model	9	view_chatchannelmodel
37	Can add chat message model	10	add_chatmessagemodel
38	Can change chat message model	10	change_chatmessagemodel
39	Can delete chat message model	10	delete_chatmessagemodel
40	Can view chat message model	10	view_chatmessagemodel
41	Can add chat member model	11	add_chatmembermodel
42	Can change chat member model	11	change_chatmembermodel
43	Can delete chat member model	11	delete_chatmembermodel
44	Can view chat member model	11	view_chatmembermodel
45	Can add notice model	12	add_noticemodel
46	Can change notice model	12	change_noticemodel
47	Can delete notice model	12	delete_noticemodel
48	Can view notice model	12	view_noticemodel
49	Can add log entry	13	add_logentry
50	Can change log entry	13	change_logentry
51	Can delete log entry	13	delete_logentry
52	Can view log entry	13	view_logentry
53	Can add permission	14	add_permission
54	Can change permission	14	change_permission
55	Can delete permission	14	delete_permission
56	Can view permission	14	view_permission
57	Can add group	15	add_group
58	Can change group	15	change_group
59	Can delete group	15	delete_group
60	Can view group	15	view_group
61	Can add user	16	add_user
62	Can change user	16	change_user
63	Can delete user	16	delete_user
64	Can view user	16	view_user
65	Can add content type	17	add_contenttype
66	Can change content type	17	change_contenttype
67	Can delete content type	17	delete_contenttype
68	Can view content type	17	view_contenttype
69	Can add session	18	add_session
70	Can change session	18	change_session
71	Can delete session	18	delete_session
72	Can view session	18	view_session
\.


--
-- Data for Name: auth_user; Type: TABLE DATA; Schema: public; Owner: postgres
--

COPY public.auth_user (id, password, last_login, is_superuser, username, first_name, last_name, email, is_staff, is_active, date_joined) FROM stdin;
1	pbkdf2_sha256$600000$cKHAnxa4HGys48QRpSXECu$wBKQXQV3eeqK5ZISMB8WDnSQzj4cdsm4Ot/9vN5dyvk=	2025-05-02 15:54:37.705186+00	f	jjjj				f	t	2025-05-02 13:26:15.600974+00
4	pbkdf2_sha256$600000$kpZbMCH87QEv0LZSLkSEi6$h5QAm4haktnwBnzpzF2A7TgwPbLb1sFclVzZXGW9Gsk=	2025-05-04 07:48:25.894997+00	f	aaaa				f	t	2025-05-04 07:48:25.541876+00
5	pbkdf2_sha256$600000$mtelUnDHDd1B10G8c9DI9S$E1kaIrysSQ3dZm7xsVZ+tEOrN2K1u/8/UZTKCVYqrWY=	2025-05-04 07:48:50.618654+00	f	bbbb				f	t	2025-05-04 07:48:50.246686+00
\.


--
-- Data for Name: auth_user_groups; Type: TABLE DATA; Schema: public; Owner: postgres
--

COPY public.auth_user_groups (id, user_id, group_id) FROM stdin;
\.


--
-- Data for Name: auth_user_user_permissions; Type: TABLE DATA; Schema: public; Owner: postgres
--

COPY public.auth_user_user_permissions (id, user_id, permission_id) FROM stdin;
\.


--
-- Data for Name: chat_askmodel; Type: TABLE DATA; Schema: public; Owner: postgres
--

COPY public.chat_askmodel (id, asker_id, asked_id) FROM stdin;
\.


--
-- Data for Name: chat_chatchannelmodel; Type: TABLE DATA; Schema: public; Owner: postgres
--

COPY public.chat_chatchannelmodel (id) FROM stdin;
1
2
3
\.


--
-- Data for Name: chat_chatmembermodel; Type: TABLE DATA; Schema: public; Owner: postgres
--

COPY public.chat_chatmembermodel (id, channel_id, member_id) FROM stdin;
2	1	1
3	2	5
4	2	4
5	3	4
6	3	1
\.


--
-- Data for Name: chat_chatmessagemodel; Type: TABLE DATA; Schema: public; Owner: postgres
--

COPY public.chat_chatmessagemodel (id, content, "time", author_id, channel_id) FROM stdin;
2	kkkk	1746284082886	1	1
3	hi\\	1746284150053	1	1
4	hi	1746345132959	5	2
5	hhh	1746345150110	4	2
\.


--
-- Data for Name: django_admin_log; Type: TABLE DATA; Schema: public; Owner: postgres
--

COPY public.django_admin_log (id, action_time, object_id, object_repr, action_flag, change_message, content_type_id, user_id) FROM stdin;
\.


--
-- Data for Name: django_content_type; Type: TABLE DATA; Schema: public; Owner: postgres
--

COPY public.django_content_type (id, app_label, model) FROM stdin;
1	games	gamemodel
2	games	gamemembersmodel
3	games	gamegoalmodel
4	profiles	profilemodel
5	profiles	friendrequestmodel
6	profiles	friendmodel
7	profiles	blockmodel
8	chat	askmodel
9	chat	chatchannelmodel
10	chat	chatmessagemodel
11	chat	chatmembermodel
12	notice	noticemodel
13	admin	logentry
14	auth	permission
15	auth	group
16	auth	user
17	contenttypes	contenttype
18	sessions	session
\.


--
-- Data for Name: django_migrations; Type: TABLE DATA; Schema: public; Owner: postgres
--

COPY public.django_migrations (id, app, name, applied) FROM stdin;
1	contenttypes	0001_initial	2025-05-02 13:05:43.647675+00
2	auth	0001_initial	2025-05-02 13:05:43.721193+00
3	admin	0001_initial	2025-05-02 13:05:43.739107+00
4	admin	0002_logentry_remove_auto_add	2025-05-02 13:05:43.746122+00
5	admin	0003_logentry_add_action_flag_choices	2025-05-02 13:05:43.753478+00
6	contenttypes	0002_remove_content_type_name	2025-05-02 13:05:43.768013+00
7	auth	0002_alter_permission_name_max_length	2025-05-02 13:05:43.776183+00
8	auth	0003_alter_user_email_max_length	2025-05-02 13:05:43.784637+00
9	auth	0004_alter_user_username_opts	2025-05-02 13:05:43.793845+00
10	auth	0005_alter_user_last_login_null	2025-05-02 13:05:43.802935+00
11	auth	0006_require_contenttypes_0002	2025-05-02 13:05:43.805847+00
12	auth	0007_alter_validators_add_error_messages	2025-05-02 13:05:43.813053+00
13	auth	0008_alter_user_username_max_length	2025-05-02 13:05:43.824548+00
14	auth	0009_alter_user_last_name_max_length	2025-05-02 13:05:43.831901+00
15	auth	0010_alter_group_name_max_length	2025-05-02 13:05:43.843267+00
16	auth	0011_update_proxy_permissions	2025-05-02 13:05:43.85057+00
17	auth	0012_alter_user_first_name_max_length	2025-05-02 13:05:43.858487+00
18	chat	0001_initial	2025-05-02 13:05:43.889258+00
19	games	0001_initial	2025-05-02 13:05:43.923218+00
20	notice	0001_initial	2025-05-02 13:05:43.935874+00
21	profiles	0001_initial	2025-05-02 13:05:43.988536+00
22	sessions	0001_initial	2025-05-02 13:05:43.994591+00
\.


--
-- Data for Name: django_session; Type: TABLE DATA; Schema: public; Owner: postgres
--

COPY public.django_session (session_key, session_data, expire_date) FROM stdin;
7wbvkc07lzkxe0nkhizt5q6r2e7az5c5	.eJxVjMsOwiAQRf-FtSHA8Cgu3fsNZGBAqgaS0q6M_65NutDtPefcFwu4rTVsIy9hJnZmmp1-t4jpkdsO6I7t1nnqbV3myHeFH3Twa6f8vBzu30HFUb91EQBeaEdZWY-6JAKPKEFSdtnoKIuwyYIwUAyqJEyanFMUwSqpyiTY-wPctTdj:1uBU5J:nwjISmA0HS86OBuPgsp1bz6KkW5CuU7ZNQd0FEx3n-o	2025-05-18 07:48:25.901155+00
2tavceayastxo3nt0vemuhcp7ps6xc3n	.eJxVjDsOwjAQBe_iGlnxZ2OLkp4zRLtrLw4gW4qTCnF3iJQC2jcz76Um3NYybT0v05zUWYE6_W6E_Mh1B-mO9dY0t7ouM-ld0Qft-tpSfl4O9--gYC_f2kXyzjkSyDkbJrEJOAiNdmAvoxeQKAGJAxg_gEM2NCRAScH66IJ6fwAIADiO:1uBU5i:ZJti6M1yigYoJyZgiT-PEIRTOK-OcJDqgLWZ1nil1sg	2025-05-18 07:48:50.62108+00
\.


--
-- Data for Name: games_gamegoalmodel; Type: TABLE DATA; Schema: public; Owner: postgres
--

COPY public.games_gamegoalmodel (id, "timestamp", game_id, player_id) FROM stdin;
4	5500	2	5
5	8599	2	4
6	13323	2	4
7	14609	2	5
8	20496	2	4
9	15878	3	5
10	26263	3	4
11	31816	3	4
12	33046	3	4
\.


--
-- Data for Name: games_gamemembersmodel; Type: TABLE DATA; Schema: public; Owner: postgres
--

COPY public.games_gamemembersmodel (id, game_id, player_id) FROM stdin;
2	1	1
3	2	4
4	2	5
5	3	4
6	3	5
\.


--
-- Data for Name: games_gamemodel; Type: TABLE DATA; Schema: public; Owner: postgres
--

COPY public.games_gamemodel (id, finished, started, start_timestamp, stop_timestamp, game_type, winner_id) FROM stdin;
1	t	t	1746283935395	1746283944742	pong	1
2	t	t	1746344962129	1746344982670	pong	5
3	t	t	1746344993895	1746345026962	pong	5
\.


--
-- Data for Name: notice_noticemodel; Type: TABLE DATA; Schema: public; Owner: postgres
--

COPY public.notice_noticemodel (id, data, user_id) FROM stdin;
\.


--
-- Data for Name: profiles_blockmodel; Type: TABLE DATA; Schema: public; Owner: postgres
--

COPY public.profiles_blockmodel (id, blocked_id, blocker_id) FROM stdin;
1	5	4
\.


--
-- Data for Name: profiles_friendmodel; Type: TABLE DATA; Schema: public; Owner: postgres
--

COPY public.profiles_friendmodel (id, friend1_id, friend2_id) FROM stdin;
1	5	4
\.


--
-- Data for Name: profiles_friendrequestmodel; Type: TABLE DATA; Schema: public; Owner: postgres
--

COPY public.profiles_friendrequestmodel (id, author_id, target_id) FROM stdin;
\.


--
-- Data for Name: profiles_profilemodel; Type: TABLE DATA; Schema: public; Owner: postgres
--

COPY public.profiles_profilemodel (id, avatar, user_id) FROM stdin;
1	./profiles/static/avatars/default.avif	1
4	./profiles/static/avatars/default.avif	4
5	./profiles/static/avatars/default.avif	5
\.


--
-- Name: auth_group_id_seq; Type: SEQUENCE SET; Schema: public; Owner: postgres
--

SELECT pg_catalog.setval('public.auth_group_id_seq', 1, false);


--
-- Name: auth_group_permissions_id_seq; Type: SEQUENCE SET; Schema: public; Owner: postgres
--

SELECT pg_catalog.setval('public.auth_group_permissions_id_seq', 1, false);


--
-- Name: auth_permission_id_seq; Type: SEQUENCE SET; Schema: public; Owner: postgres
--

SELECT pg_catalog.setval('public.auth_permission_id_seq', 72, true);


--
-- Name: auth_user_groups_id_seq; Type: SEQUENCE SET; Schema: public; Owner: postgres
--

SELECT pg_catalog.setval('public.auth_user_groups_id_seq', 1, false);


--
-- Name: auth_user_id_seq; Type: SEQUENCE SET; Schema: public; Owner: postgres
--

SELECT pg_catalog.setval('public.auth_user_id_seq', 5, true);


--
-- Name: auth_user_user_permissions_id_seq; Type: SEQUENCE SET; Schema: public; Owner: postgres
--

SELECT pg_catalog.setval('public.auth_user_user_permissions_id_seq', 1, false);


--
-- Name: chat_askmodel_id_seq; Type: SEQUENCE SET; Schema: public; Owner: postgres
--

SELECT pg_catalog.setval('public.chat_askmodel_id_seq', 2, true);


--
-- Name: chat_chatchannelmodel_id_seq; Type: SEQUENCE SET; Schema: public; Owner: postgres
--

SELECT pg_catalog.setval('public.chat_chatchannelmodel_id_seq', 3, true);


--
-- Name: chat_chatmembermodel_id_seq; Type: SEQUENCE SET; Schema: public; Owner: postgres
--

SELECT pg_catalog.setval('public.chat_chatmembermodel_id_seq', 6, true);


--
-- Name: chat_chatmessagemodel_id_seq; Type: SEQUENCE SET; Schema: public; Owner: postgres
--

SELECT pg_catalog.setval('public.chat_chatmessagemodel_id_seq', 5, true);


--
-- Name: django_admin_log_id_seq; Type: SEQUENCE SET; Schema: public; Owner: postgres
--

SELECT pg_catalog.setval('public.django_admin_log_id_seq', 1, false);


--
-- Name: django_content_type_id_seq; Type: SEQUENCE SET; Schema: public; Owner: postgres
--

SELECT pg_catalog.setval('public.django_content_type_id_seq', 18, true);


--
-- Name: django_migrations_id_seq; Type: SEQUENCE SET; Schema: public; Owner: postgres
--

SELECT pg_catalog.setval('public.django_migrations_id_seq', 22, true);


--
-- Name: games_gamegoalmodel_id_seq; Type: SEQUENCE SET; Schema: public; Owner: postgres
--

SELECT pg_catalog.setval('public.games_gamegoalmodel_id_seq', 12, true);


--
-- Name: games_gamemembersmodel_id_seq; Type: SEQUENCE SET; Schema: public; Owner: postgres
--

SELECT pg_catalog.setval('public.games_gamemembersmodel_id_seq', 6, true);


--
-- Name: games_gamemodel_id_seq; Type: SEQUENCE SET; Schema: public; Owner: postgres
--

SELECT pg_catalog.setval('public.games_gamemodel_id_seq', 3, true);


--
-- Name: notice_noticemodel_id_seq; Type: SEQUENCE SET; Schema: public; Owner: postgres
--

SELECT pg_catalog.setval('public.notice_noticemodel_id_seq', 1, false);


--
-- Name: profiles_blockmodel_id_seq; Type: SEQUENCE SET; Schema: public; Owner: postgres
--

SELECT pg_catalog.setval('public.profiles_blockmodel_id_seq', 1, true);


--
-- Name: profiles_friendmodel_id_seq; Type: SEQUENCE SET; Schema: public; Owner: postgres
--

SELECT pg_catalog.setval('public.profiles_friendmodel_id_seq', 1, true);


--
-- Name: profiles_friendrequestmodel_id_seq; Type: SEQUENCE SET; Schema: public; Owner: postgres
--

SELECT pg_catalog.setval('public.profiles_friendrequestmodel_id_seq', 1, true);


--
-- Name: profiles_profilemodel_id_seq; Type: SEQUENCE SET; Schema: public; Owner: postgres
--

SELECT pg_catalog.setval('public.profiles_profilemodel_id_seq', 1, false);


--
-- Name: auth_group auth_group_name_key; Type: CONSTRAINT; Schema: public; Owner: postgres
--

ALTER TABLE ONLY public.auth_group
    ADD CONSTRAINT auth_group_name_key UNIQUE (name);


--
-- Name: auth_group_permissions auth_group_permissions_group_id_permission_id_0cd325b0_uniq; Type: CONSTRAINT; Schema: public; Owner: postgres
--

ALTER TABLE ONLY public.auth_group_permissions
    ADD CONSTRAINT auth_group_permissions_group_id_permission_id_0cd325b0_uniq UNIQUE (group_id, permission_id);


--
-- Name: auth_group_permissions auth_group_permissions_pkey; Type: CONSTRAINT; Schema: public; Owner: postgres
--

ALTER TABLE ONLY public.auth_group_permissions
    ADD CONSTRAINT auth_group_permissions_pkey PRIMARY KEY (id);


--
-- Name: auth_group auth_group_pkey; Type: CONSTRAINT; Schema: public; Owner: postgres
--

ALTER TABLE ONLY public.auth_group
    ADD CONSTRAINT auth_group_pkey PRIMARY KEY (id);


--
-- Name: auth_permission auth_permission_content_type_id_codename_01ab375a_uniq; Type: CONSTRAINT; Schema: public; Owner: postgres
--

ALTER TABLE ONLY public.auth_permission
    ADD CONSTRAINT auth_permission_content_type_id_codename_01ab375a_uniq UNIQUE (content_type_id, codename);


--
-- Name: auth_permission auth_permission_pkey; Type: CONSTRAINT; Schema: public; Owner: postgres
--

ALTER TABLE ONLY public.auth_permission
    ADD CONSTRAINT auth_permission_pkey PRIMARY KEY (id);


--
-- Name: auth_user_groups auth_user_groups_pkey; Type: CONSTRAINT; Schema: public; Owner: postgres
--

ALTER TABLE ONLY public.auth_user_groups
    ADD CONSTRAINT auth_user_groups_pkey PRIMARY KEY (id);


--
-- Name: auth_user_groups auth_user_groups_user_id_group_id_94350c0c_uniq; Type: CONSTRAINT; Schema: public; Owner: postgres
--

ALTER TABLE ONLY public.auth_user_groups
    ADD CONSTRAINT auth_user_groups_user_id_group_id_94350c0c_uniq UNIQUE (user_id, group_id);


--
-- Name: auth_user auth_user_pkey; Type: CONSTRAINT; Schema: public; Owner: postgres
--

ALTER TABLE ONLY public.auth_user
    ADD CONSTRAINT auth_user_pkey PRIMARY KEY (id);


--
-- Name: auth_user_user_permissions auth_user_user_permissions_pkey; Type: CONSTRAINT; Schema: public; Owner: postgres
--

ALTER TABLE ONLY public.auth_user_user_permissions
    ADD CONSTRAINT auth_user_user_permissions_pkey PRIMARY KEY (id);


--
-- Name: auth_user_user_permissions auth_user_user_permissions_user_id_permission_id_14a6b632_uniq; Type: CONSTRAINT; Schema: public; Owner: postgres
--

ALTER TABLE ONLY public.auth_user_user_permissions
    ADD CONSTRAINT auth_user_user_permissions_user_id_permission_id_14a6b632_uniq UNIQUE (user_id, permission_id);


--
-- Name: auth_user auth_user_username_key; Type: CONSTRAINT; Schema: public; Owner: postgres
--

ALTER TABLE ONLY public.auth_user
    ADD CONSTRAINT auth_user_username_key UNIQUE (username);


--
-- Name: chat_askmodel chat_askmodel_pkey; Type: CONSTRAINT; Schema: public; Owner: postgres
--

ALTER TABLE ONLY public.chat_askmodel
    ADD CONSTRAINT chat_askmodel_pkey PRIMARY KEY (id);


--
-- Name: chat_chatchannelmodel chat_chatchannelmodel_pkey; Type: CONSTRAINT; Schema: public; Owner: postgres
--

ALTER TABLE ONLY public.chat_chatchannelmodel
    ADD CONSTRAINT chat_chatchannelmodel_pkey PRIMARY KEY (id);


--
-- Name: chat_chatmembermodel chat_chatmembermodel_pkey; Type: CONSTRAINT; Schema: public; Owner: postgres
--

ALTER TABLE ONLY public.chat_chatmembermodel
    ADD CONSTRAINT chat_chatmembermodel_pkey PRIMARY KEY (id);


--
-- Name: chat_chatmessagemodel chat_chatmessagemodel_pkey; Type: CONSTRAINT; Schema: public; Owner: postgres
--

ALTER TABLE ONLY public.chat_chatmessagemodel
    ADD CONSTRAINT chat_chatmessagemodel_pkey PRIMARY KEY (id);


--
-- Name: django_admin_log django_admin_log_pkey; Type: CONSTRAINT; Schema: public; Owner: postgres
--

ALTER TABLE ONLY public.django_admin_log
    ADD CONSTRAINT django_admin_log_pkey PRIMARY KEY (id);


--
-- Name: django_content_type django_content_type_app_label_model_76bd3d3b_uniq; Type: CONSTRAINT; Schema: public; Owner: postgres
--

ALTER TABLE ONLY public.django_content_type
    ADD CONSTRAINT django_content_type_app_label_model_76bd3d3b_uniq UNIQUE (app_label, model);


--
-- Name: django_content_type django_content_type_pkey; Type: CONSTRAINT; Schema: public; Owner: postgres
--

ALTER TABLE ONLY public.django_content_type
    ADD CONSTRAINT django_content_type_pkey PRIMARY KEY (id);


--
-- Name: django_migrations django_migrations_pkey; Type: CONSTRAINT; Schema: public; Owner: postgres
--

ALTER TABLE ONLY public.django_migrations
    ADD CONSTRAINT django_migrations_pkey PRIMARY KEY (id);


--
-- Name: django_session django_session_pkey; Type: CONSTRAINT; Schema: public; Owner: postgres
--

ALTER TABLE ONLY public.django_session
    ADD CONSTRAINT django_session_pkey PRIMARY KEY (session_key);


--
-- Name: games_gamegoalmodel games_gamegoalmodel_pkey; Type: CONSTRAINT; Schema: public; Owner: postgres
--

ALTER TABLE ONLY public.games_gamegoalmodel
    ADD CONSTRAINT games_gamegoalmodel_pkey PRIMARY KEY (id);


--
-- Name: games_gamemembersmodel games_gamemembersmodel_pkey; Type: CONSTRAINT; Schema: public; Owner: postgres
--

ALTER TABLE ONLY public.games_gamemembersmodel
    ADD CONSTRAINT games_gamemembersmodel_pkey PRIMARY KEY (id);


--
-- Name: games_gamemodel games_gamemodel_pkey; Type: CONSTRAINT; Schema: public; Owner: postgres
--

ALTER TABLE ONLY public.games_gamemodel
    ADD CONSTRAINT games_gamemodel_pkey PRIMARY KEY (id);


--
-- Name: notice_noticemodel notice_noticemodel_pkey; Type: CONSTRAINT; Schema: public; Owner: postgres
--

ALTER TABLE ONLY public.notice_noticemodel
    ADD CONSTRAINT notice_noticemodel_pkey PRIMARY KEY (id);


--
-- Name: profiles_blockmodel profiles_blockmodel_pkey; Type: CONSTRAINT; Schema: public; Owner: postgres
--

ALTER TABLE ONLY public.profiles_blockmodel
    ADD CONSTRAINT profiles_blockmodel_pkey PRIMARY KEY (id);


--
-- Name: profiles_friendmodel profiles_friendmodel_pkey; Type: CONSTRAINT; Schema: public; Owner: postgres
--

ALTER TABLE ONLY public.profiles_friendmodel
    ADD CONSTRAINT profiles_friendmodel_pkey PRIMARY KEY (id);


--
-- Name: profiles_friendrequestmodel profiles_friendrequestmodel_pkey; Type: CONSTRAINT; Schema: public; Owner: postgres
--

ALTER TABLE ONLY public.profiles_friendrequestmodel
    ADD CONSTRAINT profiles_friendrequestmodel_pkey PRIMARY KEY (id);


--
-- Name: profiles_profilemodel profiles_profilemodel_pkey; Type: CONSTRAINT; Schema: public; Owner: postgres
--

ALTER TABLE ONLY public.profiles_profilemodel
    ADD CONSTRAINT profiles_profilemodel_pkey PRIMARY KEY (id);


--
-- Name: profiles_profilemodel profiles_profilemodel_user_id_key; Type: CONSTRAINT; Schema: public; Owner: postgres
--

ALTER TABLE ONLY public.profiles_profilemodel
    ADD CONSTRAINT profiles_profilemodel_user_id_key UNIQUE (user_id);


--
-- Name: auth_group_name_a6ea08ec_like; Type: INDEX; Schema: public; Owner: postgres
--

CREATE INDEX auth_group_name_a6ea08ec_like ON public.auth_group USING btree (name varchar_pattern_ops);


--
-- Name: auth_group_permissions_group_id_b120cbf9; Type: INDEX; Schema: public; Owner: postgres
--

CREATE INDEX auth_group_permissions_group_id_b120cbf9 ON public.auth_group_permissions USING btree (group_id);


--
-- Name: auth_group_permissions_permission_id_84c5c92e; Type: INDEX; Schema: public; Owner: postgres
--

CREATE INDEX auth_group_permissions_permission_id_84c5c92e ON public.auth_group_permissions USING btree (permission_id);


--
-- Name: auth_permission_content_type_id_2f476e4b; Type: INDEX; Schema: public; Owner: postgres
--

CREATE INDEX auth_permission_content_type_id_2f476e4b ON public.auth_permission USING btree (content_type_id);


--
-- Name: auth_user_groups_group_id_97559544; Type: INDEX; Schema: public; Owner: postgres
--

CREATE INDEX auth_user_groups_group_id_97559544 ON public.auth_user_groups USING btree (group_id);


--
-- Name: auth_user_groups_user_id_6a12ed8b; Type: INDEX; Schema: public; Owner: postgres
--

CREATE INDEX auth_user_groups_user_id_6a12ed8b ON public.auth_user_groups USING btree (user_id);


--
-- Name: auth_user_user_permissions_permission_id_1fbb5f2c; Type: INDEX; Schema: public; Owner: postgres
--

CREATE INDEX auth_user_user_permissions_permission_id_1fbb5f2c ON public.auth_user_user_permissions USING btree (permission_id);


--
-- Name: auth_user_user_permissions_user_id_a95ead1b; Type: INDEX; Schema: public; Owner: postgres
--

CREATE INDEX auth_user_user_permissions_user_id_a95ead1b ON public.auth_user_user_permissions USING btree (user_id);


--
-- Name: auth_user_username_6821ab7c_like; Type: INDEX; Schema: public; Owner: postgres
--

CREATE INDEX auth_user_username_6821ab7c_like ON public.auth_user USING btree (username varchar_pattern_ops);


--
-- Name: chat_chatmembermodel_channel_id_9cfadd4c; Type: INDEX; Schema: public; Owner: postgres
--

CREATE INDEX chat_chatmembermodel_channel_id_9cfadd4c ON public.chat_chatmembermodel USING btree (channel_id);


--
-- Name: chat_chatmembermodel_member_id_0064f235; Type: INDEX; Schema: public; Owner: postgres
--

CREATE INDEX chat_chatmembermodel_member_id_0064f235 ON public.chat_chatmembermodel USING btree (member_id);


--
-- Name: chat_chatmessagemodel_author_id_aafa2ca9; Type: INDEX; Schema: public; Owner: postgres
--

CREATE INDEX chat_chatmessagemodel_author_id_aafa2ca9 ON public.chat_chatmessagemodel USING btree (author_id);


--
-- Name: chat_chatmessagemodel_channel_id_6812099b; Type: INDEX; Schema: public; Owner: postgres
--

CREATE INDEX chat_chatmessagemodel_channel_id_6812099b ON public.chat_chatmessagemodel USING btree (channel_id);


--
-- Name: django_admin_log_content_type_id_c4bce8eb; Type: INDEX; Schema: public; Owner: postgres
--

CREATE INDEX django_admin_log_content_type_id_c4bce8eb ON public.django_admin_log USING btree (content_type_id);


--
-- Name: django_admin_log_user_id_c564eba6; Type: INDEX; Schema: public; Owner: postgres
--

CREATE INDEX django_admin_log_user_id_c564eba6 ON public.django_admin_log USING btree (user_id);


--
-- Name: django_session_expire_date_a5c62663; Type: INDEX; Schema: public; Owner: postgres
--

CREATE INDEX django_session_expire_date_a5c62663 ON public.django_session USING btree (expire_date);


--
-- Name: django_session_session_key_c0390e0f_like; Type: INDEX; Schema: public; Owner: postgres
--

CREATE INDEX django_session_session_key_c0390e0f_like ON public.django_session USING btree (session_key varchar_pattern_ops);


--
-- Name: games_gamegoalmodel_game_id_c1db041b; Type: INDEX; Schema: public; Owner: postgres
--

CREATE INDEX games_gamegoalmodel_game_id_c1db041b ON public.games_gamegoalmodel USING btree (game_id);


--
-- Name: games_gamegoalmodel_player_id_dcc4ff45; Type: INDEX; Schema: public; Owner: postgres
--

CREATE INDEX games_gamegoalmodel_player_id_dcc4ff45 ON public.games_gamegoalmodel USING btree (player_id);


--
-- Name: games_gamemembersmodel_game_id_c537b27b; Type: INDEX; Schema: public; Owner: postgres
--

CREATE INDEX games_gamemembersmodel_game_id_c537b27b ON public.games_gamemembersmodel USING btree (game_id);


--
-- Name: games_gamemembersmodel_player_id_92b4babd; Type: INDEX; Schema: public; Owner: postgres
--

CREATE INDEX games_gamemembersmodel_player_id_92b4babd ON public.games_gamemembersmodel USING btree (player_id);


--
-- Name: games_gamemodel_winner_id_f963a891; Type: INDEX; Schema: public; Owner: postgres
--

CREATE INDEX games_gamemodel_winner_id_f963a891 ON public.games_gamemodel USING btree (winner_id);


--
-- Name: notice_noticemodel_user_id_278939db; Type: INDEX; Schema: public; Owner: postgres
--

CREATE INDEX notice_noticemodel_user_id_278939db ON public.notice_noticemodel USING btree (user_id);


--
-- Name: profiles_blockmodel_blocked_id_16fabc68; Type: INDEX; Schema: public; Owner: postgres
--

CREATE INDEX profiles_blockmodel_blocked_id_16fabc68 ON public.profiles_blockmodel USING btree (blocked_id);


--
-- Name: profiles_blockmodel_blocker_id_c5ebf789; Type: INDEX; Schema: public; Owner: postgres
--

CREATE INDEX profiles_blockmodel_blocker_id_c5ebf789 ON public.profiles_blockmodel USING btree (blocker_id);


--
-- Name: profiles_friendmodel_friend1_id_83fd02e6; Type: INDEX; Schema: public; Owner: postgres
--

CREATE INDEX profiles_friendmodel_friend1_id_83fd02e6 ON public.profiles_friendmodel USING btree (friend1_id);


--
-- Name: profiles_friendmodel_friend2_id_c2f9c357; Type: INDEX; Schema: public; Owner: postgres
--

CREATE INDEX profiles_friendmodel_friend2_id_c2f9c357 ON public.profiles_friendmodel USING btree (friend2_id);


--
-- Name: profiles_friendrequestmodel_author_id_882230b9; Type: INDEX; Schema: public; Owner: postgres
--

CREATE INDEX profiles_friendrequestmodel_author_id_882230b9 ON public.profiles_friendrequestmodel USING btree (author_id);


--
-- Name: profiles_friendrequestmodel_target_id_415b63bc; Type: INDEX; Schema: public; Owner: postgres
--

CREATE INDEX profiles_friendrequestmodel_target_id_415b63bc ON public.profiles_friendrequestmodel USING btree (target_id);


--
-- Name: auth_group_permissions auth_group_permissio_permission_id_84c5c92e_fk_auth_perm; Type: FK CONSTRAINT; Schema: public; Owner: postgres
--

ALTER TABLE ONLY public.auth_group_permissions
    ADD CONSTRAINT auth_group_permissio_permission_id_84c5c92e_fk_auth_perm FOREIGN KEY (permission_id) REFERENCES public.auth_permission(id) DEFERRABLE INITIALLY DEFERRED;


--
-- Name: auth_group_permissions auth_group_permissions_group_id_b120cbf9_fk_auth_group_id; Type: FK CONSTRAINT; Schema: public; Owner: postgres
--

ALTER TABLE ONLY public.auth_group_permissions
    ADD CONSTRAINT auth_group_permissions_group_id_b120cbf9_fk_auth_group_id FOREIGN KEY (group_id) REFERENCES public.auth_group(id) DEFERRABLE INITIALLY DEFERRED;


--
-- Name: auth_permission auth_permission_content_type_id_2f476e4b_fk_django_co; Type: FK CONSTRAINT; Schema: public; Owner: postgres
--

ALTER TABLE ONLY public.auth_permission
    ADD CONSTRAINT auth_permission_content_type_id_2f476e4b_fk_django_co FOREIGN KEY (content_type_id) REFERENCES public.django_content_type(id) DEFERRABLE INITIALLY DEFERRED;


--
-- Name: auth_user_groups auth_user_groups_group_id_97559544_fk_auth_group_id; Type: FK CONSTRAINT; Schema: public; Owner: postgres
--

ALTER TABLE ONLY public.auth_user_groups
    ADD CONSTRAINT auth_user_groups_group_id_97559544_fk_auth_group_id FOREIGN KEY (group_id) REFERENCES public.auth_group(id) DEFERRABLE INITIALLY DEFERRED;


--
-- Name: auth_user_groups auth_user_groups_user_id_6a12ed8b_fk_auth_user_id; Type: FK CONSTRAINT; Schema: public; Owner: postgres
--

ALTER TABLE ONLY public.auth_user_groups
    ADD CONSTRAINT auth_user_groups_user_id_6a12ed8b_fk_auth_user_id FOREIGN KEY (user_id) REFERENCES public.auth_user(id) DEFERRABLE INITIALLY DEFERRED;


--
-- Name: auth_user_user_permissions auth_user_user_permi_permission_id_1fbb5f2c_fk_auth_perm; Type: FK CONSTRAINT; Schema: public; Owner: postgres
--

ALTER TABLE ONLY public.auth_user_user_permissions
    ADD CONSTRAINT auth_user_user_permi_permission_id_1fbb5f2c_fk_auth_perm FOREIGN KEY (permission_id) REFERENCES public.auth_permission(id) DEFERRABLE INITIALLY DEFERRED;


--
-- Name: auth_user_user_permissions auth_user_user_permissions_user_id_a95ead1b_fk_auth_user_id; Type: FK CONSTRAINT; Schema: public; Owner: postgres
--

ALTER TABLE ONLY public.auth_user_user_permissions
    ADD CONSTRAINT auth_user_user_permissions_user_id_a95ead1b_fk_auth_user_id FOREIGN KEY (user_id) REFERENCES public.auth_user(id) DEFERRABLE INITIALLY DEFERRED;


--
-- Name: chat_chatmembermodel chat_chatmembermodel_channel_id_9cfadd4c_fk_chat_chat; Type: FK CONSTRAINT; Schema: public; Owner: postgres
--

ALTER TABLE ONLY public.chat_chatmembermodel
    ADD CONSTRAINT chat_chatmembermodel_channel_id_9cfadd4c_fk_chat_chat FOREIGN KEY (channel_id) REFERENCES public.chat_chatchannelmodel(id) DEFERRABLE INITIALLY DEFERRED;


--
-- Name: chat_chatmembermodel chat_chatmembermodel_member_id_0064f235_fk_auth_user_id; Type: FK CONSTRAINT; Schema: public; Owner: postgres
--

ALTER TABLE ONLY public.chat_chatmembermodel
    ADD CONSTRAINT chat_chatmembermodel_member_id_0064f235_fk_auth_user_id FOREIGN KEY (member_id) REFERENCES public.auth_user(id) DEFERRABLE INITIALLY DEFERRED;


--
-- Name: chat_chatmessagemodel chat_chatmessagemode_channel_id_6812099b_fk_chat_chat; Type: FK CONSTRAINT; Schema: public; Owner: postgres
--

ALTER TABLE ONLY public.chat_chatmessagemodel
    ADD CONSTRAINT chat_chatmessagemode_channel_id_6812099b_fk_chat_chat FOREIGN KEY (channel_id) REFERENCES public.chat_chatchannelmodel(id) DEFERRABLE INITIALLY DEFERRED;


--
-- Name: chat_chatmessagemodel chat_chatmessagemodel_author_id_aafa2ca9_fk_auth_user_id; Type: FK CONSTRAINT; Schema: public; Owner: postgres
--

ALTER TABLE ONLY public.chat_chatmessagemodel
    ADD CONSTRAINT chat_chatmessagemodel_author_id_aafa2ca9_fk_auth_user_id FOREIGN KEY (author_id) REFERENCES public.auth_user(id) DEFERRABLE INITIALLY DEFERRED;


--
-- Name: django_admin_log django_admin_log_content_type_id_c4bce8eb_fk_django_co; Type: FK CONSTRAINT; Schema: public; Owner: postgres
--

ALTER TABLE ONLY public.django_admin_log
    ADD CONSTRAINT django_admin_log_content_type_id_c4bce8eb_fk_django_co FOREIGN KEY (content_type_id) REFERENCES public.django_content_type(id) DEFERRABLE INITIALLY DEFERRED;


--
-- Name: django_admin_log django_admin_log_user_id_c564eba6_fk_auth_user_id; Type: FK CONSTRAINT; Schema: public; Owner: postgres
--

ALTER TABLE ONLY public.django_admin_log
    ADD CONSTRAINT django_admin_log_user_id_c564eba6_fk_auth_user_id FOREIGN KEY (user_id) REFERENCES public.auth_user(id) DEFERRABLE INITIALLY DEFERRED;


--
-- Name: games_gamegoalmodel games_gamegoalmodel_game_id_c1db041b_fk_games_gamemodel_id; Type: FK CONSTRAINT; Schema: public; Owner: postgres
--

ALTER TABLE ONLY public.games_gamegoalmodel
    ADD CONSTRAINT games_gamegoalmodel_game_id_c1db041b_fk_games_gamemodel_id FOREIGN KEY (game_id) REFERENCES public.games_gamemodel(id) DEFERRABLE INITIALLY DEFERRED;


--
-- Name: games_gamegoalmodel games_gamegoalmodel_player_id_dcc4ff45_fk_auth_user_id; Type: FK CONSTRAINT; Schema: public; Owner: postgres
--

ALTER TABLE ONLY public.games_gamegoalmodel
    ADD CONSTRAINT games_gamegoalmodel_player_id_dcc4ff45_fk_auth_user_id FOREIGN KEY (player_id) REFERENCES public.auth_user(id) DEFERRABLE INITIALLY DEFERRED;


--
-- Name: games_gamemembersmodel games_gamemembersmodel_game_id_c537b27b_fk_games_gamemodel_id; Type: FK CONSTRAINT; Schema: public; Owner: postgres
--

ALTER TABLE ONLY public.games_gamemembersmodel
    ADD CONSTRAINT games_gamemembersmodel_game_id_c537b27b_fk_games_gamemodel_id FOREIGN KEY (game_id) REFERENCES public.games_gamemodel(id) DEFERRABLE INITIALLY DEFERRED;


--
-- Name: games_gamemembersmodel games_gamemembersmodel_player_id_92b4babd_fk_auth_user_id; Type: FK CONSTRAINT; Schema: public; Owner: postgres
--

ALTER TABLE ONLY public.games_gamemembersmodel
    ADD CONSTRAINT games_gamemembersmodel_player_id_92b4babd_fk_auth_user_id FOREIGN KEY (player_id) REFERENCES public.auth_user(id) DEFERRABLE INITIALLY DEFERRED;


--
-- Name: games_gamemodel games_gamemodel_winner_id_f963a891_fk_auth_user_id; Type: FK CONSTRAINT; Schema: public; Owner: postgres
--

ALTER TABLE ONLY public.games_gamemodel
    ADD CONSTRAINT games_gamemodel_winner_id_f963a891_fk_auth_user_id FOREIGN KEY (winner_id) REFERENCES public.auth_user(id) DEFERRABLE INITIALLY DEFERRED;


--
-- Name: notice_noticemodel notice_noticemodel_user_id_278939db_fk_auth_user_id; Type: FK CONSTRAINT; Schema: public; Owner: postgres
--

ALTER TABLE ONLY public.notice_noticemodel
    ADD CONSTRAINT notice_noticemodel_user_id_278939db_fk_auth_user_id FOREIGN KEY (user_id) REFERENCES public.auth_user(id) DEFERRABLE INITIALLY DEFERRED;


--
-- Name: profiles_blockmodel profiles_blockmodel_blocked_id_16fabc68_fk_profiles_; Type: FK CONSTRAINT; Schema: public; Owner: postgres
--

ALTER TABLE ONLY public.profiles_blockmodel
    ADD CONSTRAINT profiles_blockmodel_blocked_id_16fabc68_fk_profiles_ FOREIGN KEY (blocked_id) REFERENCES public.profiles_profilemodel(id) DEFERRABLE INITIALLY DEFERRED;


--
-- Name: profiles_blockmodel profiles_blockmodel_blocker_id_c5ebf789_fk_profiles_; Type: FK CONSTRAINT; Schema: public; Owner: postgres
--

ALTER TABLE ONLY public.profiles_blockmodel
    ADD CONSTRAINT profiles_blockmodel_blocker_id_c5ebf789_fk_profiles_ FOREIGN KEY (blocker_id) REFERENCES public.profiles_profilemodel(id) DEFERRABLE INITIALLY DEFERRED;


--
-- Name: profiles_friendmodel profiles_friendmodel_friend1_id_83fd02e6_fk_profiles_; Type: FK CONSTRAINT; Schema: public; Owner: postgres
--

ALTER TABLE ONLY public.profiles_friendmodel
    ADD CONSTRAINT profiles_friendmodel_friend1_id_83fd02e6_fk_profiles_ FOREIGN KEY (friend1_id) REFERENCES public.profiles_profilemodel(id) DEFERRABLE INITIALLY DEFERRED;


--
-- Name: profiles_friendmodel profiles_friendmodel_friend2_id_c2f9c357_fk_profiles_; Type: FK CONSTRAINT; Schema: public; Owner: postgres
--

ALTER TABLE ONLY public.profiles_friendmodel
    ADD CONSTRAINT profiles_friendmodel_friend2_id_c2f9c357_fk_profiles_ FOREIGN KEY (friend2_id) REFERENCES public.profiles_profilemodel(id) DEFERRABLE INITIALLY DEFERRED;


--
-- Name: profiles_friendrequestmodel profiles_friendreque_author_id_882230b9_fk_profiles_; Type: FK CONSTRAINT; Schema: public; Owner: postgres
--

ALTER TABLE ONLY public.profiles_friendrequestmodel
    ADD CONSTRAINT profiles_friendreque_author_id_882230b9_fk_profiles_ FOREIGN KEY (author_id) REFERENCES public.profiles_profilemodel(id) DEFERRABLE INITIALLY DEFERRED;


--
-- Name: profiles_friendrequestmodel profiles_friendreque_target_id_415b63bc_fk_profiles_; Type: FK CONSTRAINT; Schema: public; Owner: postgres
--

ALTER TABLE ONLY public.profiles_friendrequestmodel
    ADD CONSTRAINT profiles_friendreque_target_id_415b63bc_fk_profiles_ FOREIGN KEY (target_id) REFERENCES public.profiles_profilemodel(id) DEFERRABLE INITIALLY DEFERRED;


--
-- Name: profiles_profilemodel profiles_profilemodel_user_id_4210bc73_fk_auth_user_id; Type: FK CONSTRAINT; Schema: public; Owner: postgres
--

ALTER TABLE ONLY public.profiles_profilemodel
    ADD CONSTRAINT profiles_profilemodel_user_id_4210bc73_fk_auth_user_id FOREIGN KEY (user_id) REFERENCES public.auth_user(id) DEFERRABLE INITIALLY DEFERRED;


--
-- PostgreSQL database dump complete
--

